Filename,Label,Preprocessing,Contrast0,Homogeneity0,Dissimilarity0,Entropy0,ASM0,Energy0,Correlation0,Contrast45,Homogeneity45,Dissimilarity45,Entropy45,ASM45,Energy45,Correlation45,Contrast90,Homogeneity90,Dissimilarity90,Entropy90,ASM90,Energy90,Correlation90,Contrast135,Homogeneity135,Dissimilarity135,Entropy135,ASM135,Energy135,Correlation135
Caterpillar-01.jpg,catterpillar,prepo3_resize+grayscale+median+equ,259.06663062989554,0.44026526509930997,6.01887850848564,8.235013303835716,0.0009764242556145037,0.031247788011545773,0.976213479943531,403.5035990375262,0.32954347791609406,8.181364869707673,8.602484793599736,0.0006189614793609768,0.02487893645960327,0.9629597185060279,325.9682189542484,0.37415192115457685,6.826654411764707,8.390905386772861,0.0007095815490803486,0.026637971940077356,0.9700785223178309,594.0555367839041,0.3423647986062133,9.012420007167357,8.546964108248666,0.0006297845141222584,0.025095507847466614,0.9454681151664335
Caterpillar-02.jpg,catterpillar,prepo3_resize+grayscale+median+equ,361.3912675424282,0.3050100821821313,7.142103867493473,8.62219200183304,0.0003410333478261993,0.018467088233562953,0.9666140588609139,650.7068141094558,0.23196421630188815,10.668888547586135,9.029572412354778,0.00022689241912096487,0.015062948553353188,0.9398914322502522,405.8959967320262,0.25863397028655055,8.70449346405229,8.894632791494839,0.0002645125848031207,0.016263842867020102,0.9624686999223109,644.9205856755234,0.23207065109949665,10.993610812471204,9.05780303222097,0.0002280887872245961,0.015102608623168253,0.9404259486945898
Caterpillar-03.jpg,catterpillar,prepo3_resize+grayscale+median+equ,431.4148376305483,0.4310022050208777,6.556992493472585,8.177537813391044,0.0006535957897673022,0.025565519548159044,0.9601416897266394,430.8194235396508,0.333505219546824,7.97324527722316,8.60578166723864,0.0004542941451908357,0.02131417709391652,0.9601951640053031,189.07530637254905,0.39437836476462007,5.262581699346406,8.304260160591545,0.0005877671727987901,0.024243910014657085,0.9825176059686229,684.5408795371934,0.3678820066815293,8.835847028106283,8.441211041912856,0.0005128933274077389,0.02264714832838207,0.936752472137774
Caterpillar-04.jpg,catterpillar,prepo3_resize+grayscale+median+equ,275.69778067885113,0.22723538582167774,7.833204144908616,8.946384900585146,0.00022207186965812878,0.014902076018398536,0.9745689753669864,477.68665335585933,0.1817023977881604,10.91212819331388,9.278044036900035,0.0001610827379281653,0.01269183745279482,0.9559516807656877,323.4377961601307,0.20992813275681033,8.470537173202615,9.042302937417066,0.00019785950340614185,0.014066254064467265,0.9701684635764647,547.9229713817642,0.1800164081592347,11.342149183433163,9.278414589988337,0.00016038964854174758,0.012664503485796338,0.9494746703925433
Caterpillar-05.jpg,catterpillar,prepo3_resize+grayscale+median+equ,219.06292836161876,0.49054201286729254,6.114841710182766,7.14453663318695,0.03431013111577682,0.18522994119681846,0.9710835086092632,383.4024061844059,0.35060950013892567,9.217611222034506,7.515450305091434,0.03273477762792905,0.18092754800728675,0.9494260862193982,295.2760008169935,0.37632037903587834,7.8578227124183,7.409189276328394,0.033495968076347526,0.183019037469733,0.9610405996048222,485.09609378999636,0.38966778770416927,10.019740951210771,7.527894598038172,0.03284916028396839,0.18124337307600627,0.9360115280298351
Caterpillar-06.JPG,catterpillar,prepo3_resize+grayscale+median+equ,604.3191294060052,0.38013254262094764,8.041714262402088,8.489009906514976,0.00043137210093638795,0.02076949929431107,0.9440758714357663,949.6945067321967,0.3140487730038847,11.059908872165053,8.78976200465393,0.00032086243426144537,0.017912633370374256,0.9122156067046753,450.07945261437914,0.37157833379260197,7.485559640522876,8.510492782071005,0.0004202456019853476,0.02049989273106929,0.9583774421044479,874.0746019556647,0.3024410251530259,10.986740388061229,8.824651062386707,0.0003058414437883291,0.017488323069646476,0.9192053688392428
Caterpillar-07.jpg,catterpillar,prepo3_resize+grayscale+median+equ,123.3367942232376,0.2647594995089532,6.03396295691906,8.78192315605325,0.0002746011994205215,0.016571095299361523,0.988629729894363,307.21318793836076,0.20275425498734695,9.467936312906364,9.173919080915242,0.0001885920228530578,0.013732881083482001,0.971667648395104,192.33496732026146,0.24245784243621787,7.367871732026145,8.943927493354444,0.00023737411567466044,0.015406950239247885,0.9822680219199688,255.7625147186812,0.21664484901370623,8.784805201453949,9.115426973885766,0.00019975169503981028,0.01413335399117316,0.9764132763162383
Caterpillar-08.jpg,catterpillar,prepo3_resize+grayscale+median+equ,303.4952982212794,0.38554112975245824,5.062428606396866,8.236189434242261,0.0005004333371684205,0.02237036739010829,0.9715132889555911,567.2289254082833,0.34303510945938887,7.577955255209133,8.47989151858145,0.0004149052075374839,0.020369222065103124,0.9467653518331149,386.6263276143791,0.4003368977137344,5.91296977124183,8.236946455688742,0.0005328350628530959,0.023083220374399582,0.9637578414670207,537.9332309425074,0.31006538839669623,7.468745200430041,8.56538513623778,0.0003720047462941505,0.01928742456353752,0.9495136159548888
Caterpillar-09.jpg,catterpillar,prepo3_resize+grayscale+median+equ,896.0686704471279,0.32485205158139685,10.805513625979113,8.092169451899306,0.0023320690359665314,0.04829150065970751,0.9202529936764172,1078.1160292837762,0.3030737102658082,12.991880407515486,8.285538467197366,0.0021377156921284467,0.046235437622330844,0.9042401927994432,554.3339869281047,0.33755201833351245,8.874468954248368,7.996993988537529,0.0023556932208732497,0.048535484141741594,0.9507039919160247,1316.9178416013929,0.30697633741621755,13.942958070956845,8.28154414772371,0.0021566717549922,0.046439980135570685,0.8830298160007574
Caterpillar-10.jpg,catterpillar,prepo3_resize+grayscale+median+equ,637.572525701697,0.33248235741984167,8.28305523825065,8.598898755925749,0.0003547210503000288,0.018834039670236145,0.9408712008594301,1009.0343623611323,0.25233581778199854,11.954794450417243,8.981137850061856,0.00024317708421504414,0.015594136212533355,0.9065117263234498,425.378329248366,0.3187154718308282,7.578635620915033,8.637116078618815,0.000334929305285227,0.018301073883388017,0.9605860438717916,799.7619106128091,0.2887230454915453,10.083663543746479,8.795933426331533,0.0002859172469147635,0.016909087702024716,0.9259011722126148
Caterpillar-11.jpg,catterpillar,prepo3_resize+grayscale+median+equ,215.93355295365535,0.46092379658030347,4.5878447291122715,7.913050404981,0.001068361400919979,0.032685798153326145,0.9798513000988094,328.4489837710541,0.41675302843242534,5.848502534172938,8.08506178209931,0.0009161788300512245,0.030268446112267217,0.9693774503648733,286.91614583333336,0.5251719979691454,4.579646650326797,7.71438114706418,0.001320952580421126,0.036344911341494916,0.9732785130302148,517.8559873035376,0.41128723397660905,6.721824604515437,8.088496880721273,0.0009045968147101562,0.030076516000197832,0.9517181296205955
Caterpillar-12.jpg,catterpillar,prepo3_resize+grayscale+median+equ,461.37896744451695,0.2582358524725429,7.885250081592689,8.795414273039784,0.0002516639697562211,0.01586392037789591,0.9574658491170402,832.8779603747503,0.20433322483639732,11.125357088004915,9.08765958070668,0.00018744450963583876,0.013691037566080913,0.9231967804326501,365.7972937091504,0.2338202482043394,7.954258578431373,8.892612341305124,0.0002292577357399932,0.015141259384212173,0.9662668055573342,494.5387907643475,0.19875506987186375,9.888690933292377,9.119183939141578,0.00018306775133006446,0.013530253187951232,0.9543964603698678
Caterpillar-13.jpg,catterpillar,prepo3_resize+grayscale+median+equ,805.7340588283289,0.26029828204109495,9.698912777415144,8.783021435720428,0.000283841000613969,0.016847581447019897,0.9252505902395695,1015.3996621102749,0.23601414374687205,12.150207341422208,8.995301698662573,0.0002426253699666667,0.01557643636929406,0.905878329881996,639.0824550653596,0.2613378373155608,9.083006535947714,8.785759380242206,0.0002846835189089934,0.016872567051548302,0.9406801878989735,1170.2726360518095,0.21711013586840164,12.48730865714432,9.018491915217755,0.00021650284042807585,0.014714035490920764,0.8915229947305157
Caterpillar-14.jpg,catterpillar,prepo3_resize+grayscale+median+equ,619.9246797486945,0.36122092068978007,7.498704716057441,7.829409974507206,0.0014257175202744786,0.037758674768514834,0.9446731950678215,923.497947063943,0.32946032289752064,9.78202017099268,8.033480288604022,0.0012325857196396452,0.035108200176591865,0.9176595923892228,708.6700571895425,0.3512356404245881,8.356924019607844,7.882201094387487,0.0013846799166119341,0.037211287489308055,0.9367841012109734,1087.5390672195772,0.31984278087348794,10.985747197051143,8.08731999529253,0.0012224129476100616,0.034963022575430484,0.903034107684184
Caterpillar-15.jpg,catterpillar,prepo3_resize+grayscale+median+equ,827.3534187336813,0.3850913389115103,8.489739719321149,7.794964713651211,0.0016790090602170557,0.04097571305318622,0.9234275555320327,1128.027573849383,0.3542505866273572,10.848584446833563,7.996579375351937,0.0014587086218802129,0.038193044155712605,0.8955376623023107,813.8343239379085,0.36452890051084447,9.335855800653597,7.899046922696856,0.0015957476166017885,0.03994680984261182,0.9246180922979854,1459.6220140275432,0.3425071811142346,13.085772794757588,8.089155973336634,0.0014274813333250197,0.03778202394426508,0.8648308813593271
Caterpillar-16.jpg,catterpillar,prepo3_resize+grayscale+median+equ,163.1965771866841,0.430723019054161,4.234069027415144,7.9409123701506985,0.001016795881055115,0.03188723696175501,0.9850875646197723,316.1769518251165,0.36226779300022505,6.156965135923821,8.219767947949624,0.0008357679854081358,0.028909652114962155,0.9711174815455739,212.47329452614377,0.40563148879313676,4.846333741830065,8.041204082014506,0.0009542024977372485,0.030890168302183923,0.9805936845220053,283.4492090308708,0.3591913101360082,5.909824399733784,8.222500257906379,0.0008276560299068856,0.028769011625477955,0.9741068474623313
Caterpillar-17.jpg,catterpillar,prepo3_resize+grayscale+median+equ,422.5216526599217,0.2002128125408279,10.019776028067884,9.174351180862642,0.00017723242284697557,0.013312866815490028,0.961384300768436,703.6733118312599,0.16180146806027573,13.354507756105052,9.435091345831587,0.0001353559749050376,0.011634258674493945,0.9357039301884574,415.5952716503268,0.20029062677723808,9.84453635620915,9.163454159316654,0.00017886088024704705,0.01337388800039267,0.9619866384340618,677.9415962729739,0.16997091362386546,13.250294373624122,9.430389383084567,0.0001390579381970957,0.01179228299342819,0.9380552785826282
Caterpillar-18.jpg,catterpillar,prepo3_resize+grayscale+median+equ,675.0089140013055,0.2466014763105558,9.786655515665796,8.947418255387559,0.00030838249968031324,0.017560822864556014,0.9377802114787174,1164.266103517125,0.1776994652739167,14.685742077509854,9.343695532566167,0.0002235803513708955,0.014952603498083385,0.8926116843535311,586.804105392157,0.21149377526726137,10.258169934640524,9.081185250054375,0.0002739647035795528,0.016551879155538587,0.9458999356248288,912.9651359238212,0.19617971562558234,12.756299595556236,9.225253866816729,0.0002474360036960818,0.015730098655001558,0.9157896572487991
Caterpillar-19.jpg,catterpillar,prepo3_resize+grayscale+median+equ,174.73267175261094,0.46884732019823516,4.487648906657963,7.960691693497747,0.0009005170097023665,0.03000861559123257,0.9838901765519915,311.0,0.37644901141576614,6.1955971944913735,8.271942824224613,0.0006611534923319281,0.025712905170982295,0.9713523259945062,166.7046364379085,0.4572390813946185,4.44185049019608,7.993874646566844,0.0008667552764995571,0.029440707812475517,0.9846454581316626,206.68105257768903,0.4023685575160408,5.517401320841652,8.206931338074448,0.0007012990516917959,0.026482051500814584,0.9809614719799519
Caterpillar-20.jpg,catterpillar,prepo3_resize+grayscale+median+equ,951.3982845137076,0.10525865401546378,20.310694761749346,9.92443456239069,8.043716803372589e-05,0.008968677050363999,0.9128287826770954,1317.972467106947,0.08975736917527809,24.625474837454565,10.090334639144215,6.73861424094935e-05,0.008208906285827211,0.8791636697012898,722.7851715686274,0.11301632859419548,17.736172385620915,9.81812293809908,8.793854785752809e-05,0.009377555537427015,0.933725076110567,1447.875636103005,0.08461588736857523,25.93432652434342,10.13775299312206,6.38479897612529e-05,0.007990493711983815,0.8672514269253414
Caterpillar-21.jpg,catterpillar,prepo3_resize+grayscale+median+equ,146.4008444843342,0.32859649386557277,5.767909595300261,8.569092299626263,0.00043838334854452916,0.020937606084376722,0.9865418611975472,239.6713459274049,0.2653472629090814,7.783074796498234,8.868952697863701,0.00033376295492217555,0.018269180466626726,0.9779527584868497,178.831352124183,0.2859111282226285,6.665482026143792,8.734972026993768,0.00037322874198358544,0.019319128913685146,0.9835520532012629,307.7049813136743,0.24262839229680172,8.943951261966928,8.994758188903369,0.00029689208827588377,0.017230556818509487,0.9716942131584954
Caterpillar-22.jpg,catterpillar,prepo3_resize+grayscale+median+equ,574.0830511586162,0.31705354882344694,9.790357783942557,8.49836080378055,0.0009499892557587022,0.030821895719742844,0.9457502695085404,892.8414682844418,0.2639930981324985,13.406890902575132,8.802649365839283,0.0007461859463263185,0.02731640434475809,0.9154434187200797,544.9517565359478,0.3040350590157277,9.624979575163401,8.511035579965704,0.0008997708400915517,0.02999618042503998,0.9484506131819819,827.8516868888548,0.26997185196891127,12.300814007064968,8.73376494383201,0.0007676467132485954,0.02770643811911945,0.9215970255226809
Caterpillar-23.jpg,catterpillar,prepo3_resize+grayscale+median+equ,173.6485394908616,0.21482556333547054,6.947658289817232,8.944362141383717,0.00020163198476959545,0.01419971777077261,0.9838922980331607,282.1202068294681,0.16263052653563717,9.438673014897866,9.243131473483746,0.00014619447339109574,0.0120910906617681,0.9738483808301708,172.09006331699345,0.21630422091889023,6.885753676470588,8.924948686862372,0.0002051865902270494,0.01432433559461134,0.9840582494117661,267.8737418727282,0.17314647914417666,8.94911175958634,9.185633260824389,0.0001553514621707926,0.012464006666028088,0.9751688394429113
Caterpillar-24.jpg,catterpillar,prepo3_resize+grayscale+median+equ,135.07848196801567,0.27077611868425233,5.732916530678851,8.700880350662738,0.0002764422214345966,0.016626551700054844,0.9875327026207494,264.7294220037885,0.22515995277845346,8.00512978037168,8.976426886263699,0.00021451478203530035,0.014646323157547096,0.9755652631779174,148.78354779411762,0.2783015989941231,5.799601715686274,8.677284332402348,0.00029103702602364473,0.017059807326685866,0.9862664083045554,235.0111196436799,0.2304084454161595,7.507510367071111,8.933701607017749,0.00021864653203732958,0.014786701188477759,0.9783081962313572
Caterpillar-25.jpg,catterpillar,prepo3_resize+grayscale+median+equ,359.08109293407307,0.2040580316658728,10.323117248694517,8.971531789154877,0.00025575320539236604,0.015992285808863162,0.9669549600555853,638.675953514565,0.16298064164657505,14.364419188040753,9.29794378095151,0.00017705676562216049,0.013306267907349546,0.9411037939007385,395.43907271241835,0.1842638388970378,11.065829248366015,9.060124647705724,0.00022167512987459427,0.014888758506826359,0.9635320189872352,606.5564327036298,0.1621369858376902,13.944688475912557,9.275859777107495,0.0001774891208830267,0.013322504302233371,0.9440661266493089
Caterpillar-26.jpg,catterpillar,prepo3_resize+grayscale+median+equ,202.11076207571801,0.3825230123862009,4.660778394255875,8.125069749483021,0.0006107231788033751,0.02471281406079395,0.9811396763541483,525.9715967849281,0.265540532800857,8.310469461936211,8.645720210069364,0.0003547916811000225,0.018835914660563273,0.9509335551124688,443.7596098856209,0.31618635320563204,6.914573120915032,8.411741864891646,0.00044505008715598165,0.021096210255777733,0.9586614730971648,544.699063123944,0.28983138317032753,8.064731480059386,8.556079236976245,0.0003965942178842333,0.019914673431523634,0.9491864941131115
Caterpillar-27.jpg,catterpillar,prepo3_resize+grayscale+median+equ,346.33175587467366,0.3118680298592827,7.220361455613577,8.556237649316943,0.0005443879783038542,0.023332123313231784,0.9680238342174176,360.5895663748528,0.2836358552219749,8.56960016382532,8.736378774229271,0.00047835937030129644,0.021871428172419296,0.9666988063683553,258.16308210784314,0.3439216892265762,6.83779616013072,8.491985487085813,0.0006179605024710051,0.024858811364805944,0.9761309617898875,618.8021092510111,0.26183944109526525,10.28139046741412,8.856999318522242,0.00043415266987931054,0.020836330528173873,0.9428516086130241
Caterpillar-28.jpg,catterpillar,prepo3_resize+grayscale+median+equ,123.30299445169712,0.3260747247844169,4.719300750652741,8.425902750556173,0.00038176982818188056,0.019538931091077644,0.988734766193749,375.4038294168842,0.2886898200349586,7.4033174627553375,8.693841649253322,0.0003090222533457204,0.01757902879415471,0.9657346799995395,345.9468750000001,0.3466143020856255,6.361846405228759,8.446426223753823,0.0004087696680830558,0.020218053024044027,0.9684345909028061,481.2101776480827,0.25682564238001004,8.567163262171709,8.817776221364017,0.0002738615174014776,0.01654876180871178,0.9560776207720958
Caterpillar-29.jpg,catterpillar,prepo3_resize+grayscale+median+equ,363.2120492003917,0.22084006233506248,9.856753834856399,9.132854595400808,0.0002106253073539885,0.014512935862670533,0.9666332122547029,610.1214969538729,0.18040676282372642,13.084482670352735,9.397940314882849,0.00015851098944933908,0.012590114751237936,0.9438764973612259,382.90462622549023,0.19885356144682642,10.210406454248368,9.210708031571716,0.0001822701822082319,0.013500747468500843,0.964775560117433,608.0133517636818,0.16128351646493302,13.709128142118464,9.486792151221238,0.00013945443858424318,0.011809082884976427,0.944069859939331
Caterpillar-30.jpg,catterpillar,prepo3_resize+grayscale+median+equ,367.31709978785904,0.3478745876603144,6.786849298302872,8.487894573245997,0.0003864031995445349,0.019657141184427986,0.9661105219000654,544.0597962422567,0.290082530443306,8.836676393795114,8.763537676363784,0.00029176568004459446,0.01708114984550497,0.9497692651117932,329.23444648692805,0.3256848264994644,6.811182598039215,8.574366397264892,0.00035155592951028453,0.018749824786122256,0.9695734631788395,585.3672451748323,0.2686015509089973,9.363620539599651,8.824726696988385,0.000273928090047125,0.016550773095149515,0.9459558332673631
Caterpillar-31.jpg,catterpillar,prepo3_resize+grayscale+median+equ,202.29206103133157,0.2968900388185778,6.457306625326371,8.696702070908387,0.0003377585474167233,0.018378208493123677,0.981415035901216,310.8698305431833,0.2909488462388905,7.888066349255107,8.831483340342267,0.00030646051697344435,0.017506013737383058,0.9714208023551545,183.84472017973857,0.3853454154996575,5.438163807189543,8.419734725045913,0.00047109118020846694,0.02170463499367052,0.9831006805378822,325.62937592791684,0.2520667713335507,8.333333333333332,8.914441526060337,0.00027227818924259483,0.01650085419736187,0.9700637732232448
Caterpillar-32.jpg,catterpillar,prepo3_resize+grayscale+median+equ,269.5942905515666,0.3336528459080369,6.5384199575718025,8.560211960405516,0.00041118264746853355,0.02027763909996757,0.9752386733765588,392.87568729841803,0.2898863661442612,8.367624020887728,8.798762920035772,0.00034276147983746915,0.018513818618466293,0.9639356613754163,265.39164624183,0.3452450339176934,6.53453839869281,8.559529981665975,0.0004468613000074758,0.021139094115109943,0.9756427215714004,459.14487277939895,0.2840483590004045,8.980842676496186,8.823259363971964,0.0003277550619592268,0.0181040067929513,0.9578524715285379
Caterpillar-33.jpg,catterpillar,prepo3_resize+grayscale+median+equ,61.13314906984334,0.4187253112271511,3.705746165143603,8.030719221437131,0.0011816135107926837,0.034374605609267486,0.9942860761958159,143.45985767675216,0.3799461529617072,5.430246249936006,8.276427430130525,0.0010743890369488117,0.03277787419813572,0.9865792617702478,81.45747549019609,0.401616020111001,4.2272058823529415,8.123466422910502,0.0011552797681146946,0.03398940670436444,0.9923813823178294,105.33600573388625,0.3461742578343852,5.005262888445195,8.303453409895525,0.0009925559489815446,0.031504855958749356,0.9901457296480783
Caterpillar-34.jpg,catterpillar,prepo3_resize+grayscale+median+equ,82.18373653720626,0.5515494218920579,3.654811928851175,6.717701900015994,0.05158446272637112,0.22712213174054863,0.9896418789325652,184.99428659192137,0.4589479224601868,5.7556442942712325,7.0808342266018105,0.04886485747429531,0.22105396959633028,0.9766567729867627,125.68016748366011,0.5169276337692718,4.48406862745098,6.868758890752861,0.050250277775274736,0.22416573729112738,0.9841528898104263,177.59919111247632,0.5092021307279276,5.4830389597092095,6.982575932981758,0.049093160918987556,0.22156976535391185,0.9775899120352245
Caterpillar-35.jpg,catterpillar,prepo3_resize+grayscale+median+equ,87.71169223237598,0.31023749750064294,5.196679177545692,8.455554309100881,0.0007087243012154701,0.02662187636541553,0.9917092225350851,138.43745456407106,0.2641931482672752,6.69009368760559,8.687127574196264,0.0005994237183486026,0.024483131301951608,0.9868917950971279,69.6954248366013,0.3285645208457869,4.743545751633986,8.384159689274433,0.0007503328213774616,0.02739220366048452,0.993400465516917,146.5110940459735,0.2712077137682576,6.847488864997695,8.700496553524083,0.0006023421163594496,0.02454265911345895,0.9861270673440803
Caterpillar-36.jpg,catterpillar,prepo3_resize+grayscale+median+equ,286.4487597911227,0.29584087541475507,7.0626631853785895,8.72574539550569,0.0003024903658579971,0.01739225016661148,0.9735570534457237,513.3291250703937,0.2475421994966654,9.762709261250192,9.000254179511243,0.00023349422395413843,0.01528051779077327,0.9526258988702094,287.18997140522873,0.3134821182557215,6.480351307189542,8.593338366792546,0.0003319751922504432,0.0182201863945033,0.9734593166391616,513.9795423130088,0.2559520736456695,9.228730865714432,8.930386168933584,0.00024203166777406594,0.01555736699361643,0.9525663001548582
Caterpillar-37.jpg,catterpillar,prepo3_resize+grayscale+median+equ,167.3958469321149,0.20812378248387065,7.110660084856397,8.967220074186818,0.00019708047821611008,0.014038535472623563,0.9845547780117825,323.3452004300415,0.1649066522163268,10.237720780218092,9.307591621481794,0.00014160677939549043,0.011899864679713398,0.9701664493703024,198.99570057189544,0.2079005128404698,7.671762663398694,9.028740529864194,0.00019096737257505133,0.01381909449186347,0.981634740440238,366.71732964726357,0.1685352732133493,10.580228331541495,9.315419033069972,0.00014416227785844993,0.012006759673552641,0.9661642861529449
Caterpillar-38.jpg,catterpillar,prepo3_resize+grayscale+median+equ,218.1455205613577,0.3998075724873024,5.461059889033942,8.289038312832457,0.0005572524037355391,0.023606194181518103,0.9799305986997779,370.8918650488916,0.3309323652306225,7.577719756309834,8.601179608885236,0.0003947932967709549,0.019869406049778007,0.9659183906499907,214.82759395424839,0.35175855502231945,6.164808006535949,8.476393726172839,0.0004434264461418419,0.021057693276848772,0.9802288225233208,389.6553729585829,0.2885787333650931,8.230973224799058,8.72149813843874,0.0003346185444672603,0.018292581678572884,0.9641940166313449
Caterpillar-39.jpg,catterpillar,prepo3_resize+grayscale+median+equ,182.12515298629245,0.44735508330512574,5.05414694843342,8.041323020158492,0.0010927784904415125,0.033057200281353415,0.9831597195344297,399.08029488557827,0.33343023396867844,8.318650488916195,8.488805568282263,0.0008197985182024645,0.028632123885636993,0.9631145558260594,262.64507761437915,0.37335683072285514,6.6103553921568645,8.305284689186845,0.0009397801685182517,0.03065583416771189,0.9757247899038973,372.4086315466134,0.3459359123961808,7.864731480059386,8.43635465770383,0.0008380796812136887,0.02894960589047265,0.9655800254643243
Caterpillar-40.jpg,catterpillar,prepo3_resize+grayscale+median+equ,35.42095708224543,0.38532934069836244,3.211019092689295,8.072869636567694,0.0016498935859837816,0.04061888213606797,0.9966667646346172,81.52011467772488,0.3251936168569911,4.603860134131981,8.376414739746355,0.0014615770641971215,0.038230577607422066,0.9923368731683914,51.25682189542485,0.36724667914016595,3.6250204248366016,8.162904165953194,0.0015788292313453165,0.03973448415854063,0.9951801134501614,75.83234526186453,0.3127276460038264,4.71724773460298,8.406295874480492,0.0014732134384622343,0.03838246264197015,0.992871450047373
Caterpillar-41.jpg,catterpillar,prepo3_resize+grayscale+median+equ,214.82117942232378,0.26847183559638976,7.411318945822454,8.796334211215743,0.00029538497892037953,0.017186767552986208,0.9798177408541929,347.8366456765474,0.2388805467600389,9.51069472175293,9.017034178838571,0.00023789095405360696,0.015423714016202678,0.9673758496888502,218.22696078431375,0.24860122317372274,7.4490604575163415,8.823417021409155,0.0002711842392015358,0.01646767254962084,0.9795266955964621,382.68953053806376,0.20997854028307364,10.047560538575745,9.087839268074084,0.00021097862132448853,0.014525103143333907,0.9641070071662939
Caterpillar-42.jpg,catterpillar,prepo3_resize+grayscale+median+equ,88.79370308420366,0.5800645234141241,3.4238230254569193,7.617866185984432,0.001656489216253887,0.040699990371668236,0.9916577338729327,248.41209235652485,0.378540087555461,6.223508933599549,8.238051297679137,0.0009794072748527081,0.03129548329795704,0.9766478313017712,176.0453022875817,0.3931071708656385,5.152798202614379,8.126669931446816,0.0010445671728488508,0.032319764430590314,0.9834359306629129,218.7041826652332,0.3785934439070141,5.666246864280961,8.199628196643399,0.0009815404301613513,0.03132954564243394,0.9794406387698553
Caterpillar-43.jpg,catterpillar,prepo3_resize+grayscale+median+equ,51.37862067558746,0.3659312865043066,3.615055890992167,8.22052415454575,0.00048260235996268574,0.021968212489018896,0.9953482860075286,113.69474223109609,0.2613260672528882,5.774729944197,8.669720808450485,0.0003003143940368166,0.017329581473215578,0.9896751567723896,76.26048815359476,0.3038408624549535,4.691758578431372,8.460861665854978,0.00037416409812665537,0.019343321796595727,0.9930916365113303,114.43239645727743,0.26691240860441195,5.888864997696206,8.679159718857798,0.0003068782472200305,0.017517940724298346,0.9896083177182345
Caterpillar-44.jpg,catterpillar,prepo3_resize+grayscale+median+equ,199.19321148825065,0.35772649410643126,5.534187336814622,8.10863610966152,0.0013614635791165746,0.03689801592384846,0.9814910798294485,304.96641580914354,0.3042256530542097,7.529340091127835,8.387684496958201,0.0011822773479373378,0.03438426017725753,0.9717109979043425,220.55178717320257,0.33557331435431836,6.427461192810457,8.244326466482471,0.0013779222200862914,0.03712037472987431,0.9795198777419896,408.76545333538115,0.2964186374903875,8.841120155634055,8.480492170945869,0.001157809594208037,0.03402660127323969,0.9620822090498721
Caterpillar-45.jpg,catterpillar,prepo3_resize+grayscale+median+equ,156.5804095953003,0.5929106245299416,3.8010974216710185,7.337084326694129,0.002544418705380995,0.050442231367981684,0.9854665850500999,347.56628270106995,0.47310254408082786,6.0234782163518155,7.7411001600367415,0.0019219127031901658,0.043839624806676504,0.9676264042078413,269.4994689542484,0.49424044782116283,5.203799019607843,7.653798964681613,0.0020458581802138076,0.045231163816707255,0.9748817507495635,364.8665949930886,0.46530768906426306,6.175231659243332,7.765545501772195,0.0019145855710358713,0.043755977546340696,0.9660148046814417
Caterpillar-46.jpg,catterpillar,prepo3_resize+grayscale+median+equ,262.6315376142297,0.19897054295484695,8.853530923629243,9.12568800516936,0.0001841767847215772,0.01357117477308347,0.9759108787000694,495.6032150719295,0.16453429307138395,12.211518967900476,9.403643431697308,0.0001420421225624999,0.011918142580221966,0.9545183036698376,426.91757557189544,0.1799790858267477,11.000398284313727,9.300660136567148,0.00015655385907596973,0.012512148459635929,0.960804149150361,706.5405621256335,0.15133934560958867,14.43180259048789,9.53565300706016,0.00012440073840176935,0.011153507896700901,0.935160360968663
Caterpillar-47.jpg,catterpillar,prepo3_resize+grayscale+median+equ,303.8485027741515,0.4501415918108245,6.269521050913838,8.106801000424158,0.0011568347910181948,0.03401227412300146,0.9716419880042324,656.9215276711207,0.3899053676348959,9.308278298264476,8.365177407232698,0.000966574742161588,0.031089785173937564,0.9387182620406149,429.27130310457517,0.4576521415418843,7.026266339869282,8.091094841708593,0.0011771641920742294,0.034309826465230474,0.9599381448037574,645.4931551732965,0.39895691320280424,9.11973583166948,8.315230814196953,0.0009815131720702203,0.03132911061728724,0.939783949001847
Caterpillar-48.jpg,catterpillar,prepo3_resize+grayscale+median+equ,116.74424771540467,0.29240211859006027,5.249061684073106,8.602727384367867,0.0003081861593660737,0.017555231680786036,0.9891372935825147,371.45753340500687,0.20828079412975126,9.519111247632212,9.118572276985956,0.0001922182401034147,0.013864279285394344,0.9654029360885793,384.7855902777777,0.22264045048523984,9.25891544117647,9.068124763170648,0.00020372919303206032,0.014273373568713891,0.9641706113348139,528.5475758971995,0.19518735042275742,10.957978805099064,9.218291529554808,0.00017195237354140021,0.013113061181181159,0.9507711044857425
Caterpillar-49.jpg,catterpillar,prepo3_resize+grayscale+median+equ,421.31548833224537,0.2517739523591451,9.319873939295036,9.00717709229073,0.00024952789115865445,0.015796451853459195,0.9611528323809362,637.911810781754,0.21169161477207865,12.031096093789994,9.250793890304767,0.0001970692891948725,0.01403813695598075,0.9411660802943168,471.9865604575164,0.23560679450886787,10.074611928104577,9.090167340493672,0.00023026296851972003,0.015174418226730145,0.9564214902839098,934.1397429990272,0.1974705586733565,14.46847898428301,9.380726014802168,0.00017750746767513428,0.013323192848380386,0.9138446798721325
Caterpillar-50.jpg,catterpillar,prepo3_resize+grayscale+median+equ,192.6528741024804,0.28966564741458223,6.74799078002611,8.755765779383838,0.0003367936452949299,0.018351938461506727,0.9822454829071409,353.7685967337327,0.2279734705744413,9.697025546511032,9.105191518866878,0.0002386020757156961,0.015446749681266157,0.9673580510743384,170.70018382352941,0.2799942644046579,6.715584150326798,8.79747222730571,0.0003178047839506173,0.017827080073601995,0.9842686772667463,298.88345876209485,0.24205409901370528,8.893493063021552,9.030198557415265,0.000257001234809875,0.016031258054497004,0.9724222889319163
Caterpillar-51.jpg,catterpillar,prepo3_resize+grayscale+median+equ,402.1316192069191,0.17893011700343875,9.81895602154047,9.158276258310362,0.00016920457450184787,0.013007865870381961,0.9628101849195667,874.0982849536681,0.13341654881538645,15.818983259099983,9.60169104359381,0.00011047997884164063,0.010510945668285069,0.9190374671220509,611.9250612745097,0.15521475645666127,12.907924836601307,9.402065287496399,0.0001378561226284495,0.01174121469987026,0.9433738749983342,849.2185429785491,0.13662354232987944,15.374136077407464,9.56489541534129,0.00011516396728610757,0.010731447585769013,0.9213410317636644
Caterpillar-52.jpg,catterpillar,prepo3_resize+grayscale+median+equ,198.1423078492167,0.4198267193964704,4.355407555483029,7.857358400474059,0.0009256160112397923,0.030423938128384898,0.981906725010759,203.9088312087237,0.31138946386469735,5.258239901704807,8.222599986182562,0.0005967686230142018,0.02442884817207315,0.9813805130312744,222.16019199346403,0.35657882404213304,4.981086601307189,8.056253031175578,0.0007295572979242759,0.027010318360291052,0.9797037485957933,456.665714431987,0.34733959964544525,6.766467004556392,8.174807381864625,0.0006814905968667261,0.026105374865470255,0.958300511715696
Caterpillar-53.jpg,catterpillar,prepo3_resize+grayscale+median+equ,322.21026436031326,0.23908251683583015,9.14313397519582,9.0536214094759,0.00022514284021555054,0.015004760585079342,0.9703219397059958,656.4601136538166,0.18545623194547034,13.476322121537908,9.40702678384461,0.000159791595538447,0.012640870046735194,0.9395887736575701,490.8823427287582,0.21335174109274332,11.384875408496734,9.250544871517995,0.0001890274094131798,0.013748723919447208,0.954805343531893,759.8587006604207,0.1805942750606973,14.528234270209389,9.462855207889387,0.00015177352319338162,0.012319639734723642,0.9300739029291222
Caterpillar-54.jpg,catterpillar,prepo3_resize+grayscale+median+equ,176.83793652088772,0.2922834935084816,5.667672976501306,8.491260569036186,0.0004039651775170919,0.020098884981935985,0.983569019609043,374.32593047662925,0.21600488165889942,9.25623304151948,8.96902154411103,0.00025917302322075634,0.016098851611862145,0.9652176244615139,273.58084150326795,0.27371965750646793,7.350428921568627,8.722138788344207,0.0003422372542511694,0.01849965551709462,0.9745929325697704,393.54309117903034,0.2563027189177547,8.612542876158296,8.833429229077652,0.0003112959975013137,0.017643582331865422,0.9634317657217453
Caterpillar-55.jpg,catterpillar,prepo3_resize+grayscale+median+equ,254.26324861292423,0.29680068611249144,7.0625713936031325,8.790817076961387,0.00030421909681553096,0.01744187767459487,0.9765232537743428,536.7898018737521,0.2650452791843527,10.18622843393232,9.040580213910797,0.0002512596324295161,0.015851171326735324,0.9504627710683279,361.9916258169934,0.29547268592342096,8.185845588235296,8.852579102212815,0.0002987586029612008,0.01728463488076045,0.9665774519848699,535.1384528746224,0.2338092219453463,10.613802283315415,9.138980851666327,0.0002171918935202299,0.01473743171384451,0.9506151583835774
Caterpillar-56.jpg,catterpillar,prepo3_resize+grayscale+median+equ,392.5620512402089,0.3363515694276542,7.666836651436031,8.590845494850576,0.0004978792487415712,0.02231320794376217,0.9636891514737427,717.6432191675626,0.2556857235330662,11.272707725387804,8.973237880515281,0.00032434255862722004,0.01800951300361062,0.9336909997095001,442.65857843137246,0.2886315373662678,9.117892156862744,8.813379345874091,0.0003969326701268743,0.01992316917879468,0.9590921074054425,734.9299339579173,0.268782904725656,11.716070240106486,8.978517401525941,0.00035332278450448496,0.01879688230809793,0.9320930264380127
Caterpillar-57.jpg,catterpillar,prepo3_resize+grayscale+median+equ,564.3278700228459,0.13185156400782994,15.252396785248042,9.678933927766948,0.00010423111760694075,0.010209364211690204,0.9480548808149667,1510.6860390109046,0.09903016812394005,24.975886960528335,10.083794145584205,7.036382676855102e-05,0.00838831489445592,0.8609866877189377,913.3002348856209,0.11707154844771468,19.055892565359475,9.856476494643694,8.89668294980029e-05,0.009432222935130557,0.9159845625842137,1100.682455332002,0.11036095578784133,21.255168176931345,9.947002628990834,8.19916042510765e-05,0.009054921548587624,0.8987156842076843
Caterpillar-58.jpg,catterpillar,prepo3_resize+grayscale+median+equ,208.56177586488246,0.3395183681532965,6.108426484986944,8.476272228272396,0.0005474855263183821,0.02339840862790421,0.9811505275397145,889.192668816874,0.24277494289647436,12.174719705114422,8.947814257682257,0.00039492922029076894,0.019872826177742536,0.9195234746049614,696.8023386437908,0.2748704158937104,10.295169526143791,8.786196153965161,0.00046600379603264235,0.021587121068652078,0.9369917672731211,748.4721752930936,0.24956252769667137,11.436369221317769,8.942351416779513,0.00039482574438328235,0.019870222554950974,0.9322589143379469
Caterpillar-59.jpg,catterpillar,prepo3_resize+grayscale+median+equ,94.47887769255874,0.3373877357634235,5.2501937826370755,8.274978258241823,0.004199866355771846,0.06480637588827079,0.9909339613402475,322.4085086776224,0.2522008687767534,8.963712691342856,8.717791951551131,0.0031752583422935783,0.05634943071845161,0.96891749109962,243.27110906862748,0.31095343299560996,6.968270016339869,8.46153800231597,0.0032724653595438725,0.05720546616839926,0.9765526659792501,298.566548917217,0.2648229138396042,8.405590539087697,8.664218441036539,0.0032060516505863198,0.056622006769332364,0.9712160220784885
Caterpillar-60.jpg,catterpillar,prepo3_resize+grayscale+median+equ,123.3590792265013,0.39596907561636774,4.547333958877285,8.213392948922348,0.0005854969071337787,0.024197043355207237,0.9884730094733438,485.2673219679516,0.25297209572235513,9.65634567142784,8.8709985153114,0.00030759434872569167,0.017538367903704485,0.9547238614918809,377.80778186274506,0.2944335321589197,8.10345179738562,8.686690441526089,0.0003760065468776699,0.01939088824364861,0.9647398338911036,405.8580146418881,0.30666806688810977,8.183617467874878,8.661665317802079,0.0003971955733101132,0.01992976601242757,0.962133369336954
Caterpillar-61.jpg,catterpillar,prepo3_resize+grayscale+median+equ,203.37416367493472,0.33835266164100786,5.838140502610965,8.485481726728954,0.0003988219454655662,0.01997052692007815,0.9812295383109307,1041.0590180719807,0.2661589319061229,12.521384323964572,8.93946419406165,0.00026683312344210014,0.01633502750050027,0.9040062685790473,893.6500204248366,0.34602655017619677,10.511315359477123,8.62597417337551,0.00037769380691921376,0.019434346063585822,0.9176156997859469,992.6029488557823,0.27477066010886353,12.081062816771617,8.89586002266272,0.00028113900837826967,0.016767200373892763,0.9084747169236942
Caterpillar-62.jpg,catterpillar,prepo3_resize+grayscale+median+equ,133.32152619125327,0.24286447455819918,6.286216954960835,8.81154890275208,0.0002713948450649631,0.01647406583284658,0.987786343223679,210.4431679721497,0.1995809567680319,8.233655864434546,9.072750943303959,0.00020565459193249775,0.014340662185983524,0.980733858125704,131.67706290849674,0.24453388880928104,6.34560866013072,8.808574720074358,0.0002733454088504956,0.01653316088503634,0.9879432787917825,246.24768340756665,0.20495379742506614,8.744708954077716,9.093619076429864,0.00021832378575445453,0.014775783761088767,0.9774556537969401
Caterpillar-63.jpg,catterpillar,prepo3_resize+grayscale+median+equ,177.64965119125327,0.37893980064612576,5.396611863577023,8.324163166198462,0.0005972900165938866,0.024439517519662425,0.9839400151193572,289.95566477243636,0.31241030135552783,7.396037475042236,8.634678388220813,0.00043630978085650577,0.020888029606846735,0.9737984054446238,218.74158496732025,0.36599818695095176,5.987316176470588,8.396820319745107,0.0005592155269140608,0.02364773830441425,0.9802340333543201,347.7089438386321,0.3237527949263001,7.639440946091231,8.593360537120788,0.0004634117145772045,0.021526999665006836,0.9685801358822258
Caterpillar-64.jpg,catterpillar,prepo3_resize+grayscale+median+equ,256.81874184073104,0.2897911156797063,7.188234334203655,8.762913235589053,0.0003149232066731103,0.01774607581053091,0.9762306533452706,502.0546459837198,0.216533568168835,10.71609071827164,9.139225782499416,0.00021213494100191923,0.014564852934441845,0.9535557206220685,244.8245710784314,0.2848734946329238,7.0279411764705895,8.762943048415192,0.00030881557181866495,0.017573149171923198,0.9773556522611682,354.4633287257462,0.2599274594763446,8.395300261096605,8.902956946173916,0.0002667997846998704,0.016334007000729196,0.967208945999206
Caterpillar-65.jpg,catterpillar,prepo3_resize+grayscale+median+equ,384.66660207245434,0.3851034778484316,6.639656086814622,8.425601555994648,0.000485573938112025,0.02203574228638611,0.9645370622392987,535.2088670455128,0.34480143654526996,8.37649106640045,8.613949595192748,0.00041963186537845244,0.02048491799784545,0.9507074280451038,250.77830882352941,0.4092652630742465,6.072017973856209,8.392623056452116,0.0005180932826817409,0.022761662564095377,0.9768932080208962,514.4200583627706,0.33592557094717734,8.733620027645522,8.68204573919923,0.00037498552339816323,0.01936454294317744,0.9526220963624309
Caterpillar-66.jpg,catterpillar,prepo3_resize+grayscale+median+equ,135.85870186031332,0.2896061051859625,5.184154699738904,8.576808135665658,0.00030780065621133397,0.017544248522274587,0.9874276305539235,295.9704192904316,0.21977549838113758,8.008590590283111,8.987046333684876,0.00020718356116733604,0.014393872347889433,0.9726051057089115,216.14770220588235,0.25438250777753,6.56906658496732,8.794647420041777,0.0002534051197923341,0.0159187034582699,0.9800153436918341,310.1570265704193,0.207658130188292,8.43915425177904,9.042444279904153,0.00019689714386549753,0.014032004271147352,0.9712915983938255
Caterpillar-67.jpg,catterpillar,prepo3_resize+grayscale+median+equ,123.97886749347259,0.2837571093403644,5.95763299608355,8.707173654021123,0.0003317741986600638,0.01821466987513262,0.9885817578506266,251.81353606716837,0.20815648643187806,9.108042799365176,9.13519636502124,0.00020417400580941735,0.014288946980425722,0.9767107344585509,208.50488153594767,0.23271678915696353,7.902389705882352,8.988945486116155,0.0002351739402613578,0.015335381973115564,0.9807206600973357,312.27625044795985,0.20629075110620806,9.697066502841345,9.161396589348204,0.00020114888188791028,0.014182696566165063,0.9711184908884335
Caterpillar-68.jpg,catterpillar,prepo3_resize+grayscale+median+equ,412.5659064947781,0.17027854540655402,11.259729928198432,9.344761231279747,0.0001520422465887918,0.012330541212322832,0.9617754916325765,714.5151896790047,0.14748284571089687,14.98383248860902,9.587515739241912,0.00012239428079748022,0.011063194872977708,0.9338690524251524,513.1512050653595,0.18415147442007107,12.000265522875816,9.370436272507336,0.00015535057296339015,0.01246397099496746,0.9524672090706614,788.144627041417,0.13625820864840665,15.913182818819433,9.645248110697855,0.00011362980853007313,0.010659728351607892,0.9270532337987966
Caterpillar-69.jpg,catterpillar,prepo3_resize+grayscale+median+equ,98.60821230417754,0.3504406581666637,4.043917265013055,8.29963914805396,0.00042681201262082327,0.020659429145569907,0.9907881433929684,151.73717298930015,0.3171759527012138,4.828782061127322,8.4207003927532,0.0003678965850248309,0.01918063046473788,0.9858268362460825,171.06623774509805,0.3709108619676085,4.6525122549019615,8.287559623974806,0.0004643879248833249,0.021549661827586178,0.9840198664742561,287.3687400808887,0.28746415443604445,6.734572262325295,8.658961765741548,0.0003181749961535295,0.017837460473776236,0.9731579835346609
Caterpillar-70.jpg,catterpillar,prepo3_resize+grayscale+median+equ,280.4253324902089,0.24497935070814864,8.941732620757179,9.009869210254603,0.00029107334561968157,0.01706087177197231,0.974253455577349,727.6627758152869,0.1888072305063618,14.667926073823784,9.43876861166791,0.000206378136993814,0.014365867081168961,0.9330867123804725,443.32929942810455,0.2255532849090871,11.056546160130718,9.193882788499455,0.00025410247819682066,0.01594059215326773,0.9592122932224095,442.12728203552956,0.19763605683308086,11.845727742794246,9.281354414278425,0.00021674417937339932,0.014722234184165097,0.9593434855592632
snail (1).jpg,snail,prepo3_resize+grayscale+median+equ,256.2427688479112,0.22458103001306215,8.034544304830288,9.008831869922812,0.00021060543927450785,0.014512251350996779,0.9764481604678148,546.2927558490759,0.18746169000966167,11.77500639942661,9.317187442539254,0.0001629945260851794,0.012766930957954593,0.9498017766379953,337.30365604575167,0.22960686608843178,8.628594771241833,9.02700947963048,0.000213379886608783,0.014607528422316452,0.9689840151388521,502.027768391952,0.20122617647245178,10.657205754364409,9.218702783861062,0.00017515305005367368,0.01323454003936947,0.9538695298124257
snail (100).jpg,snail,prepo3_resize+grayscale+median+equ,165.44324208550913,0.32491713380323706,5.513228214751958,8.498223343349121,0.00038347707872887646,0.019582570789579097,0.9846227431265836,420.3365176880152,0.23586227066476212,9.501151896790049,8.999650016122905,0.00023778732088790223,0.01542035411032776,0.9609874959770698,267.5850898692811,0.2731896157896468,7.399428104575165,8.791452421392396,0.00029096970457743294,0.017057834111558035,0.9751538708061576,322.97676752163005,0.2502161037051628,8.132923770030203,8.890207738926577,0.00025516356769297546,0.015973840104776794,0.9700235568737935
snail (104).jpg,snail,prepo3_resize+grayscale+median+equ,96.8250958714099,0.24679641675429842,5.91244084530026,8.808875061709308,0.0002516069140410632,0.015862121990486117,0.9910573093267454,232.69842830082425,0.18154908902239505,9.171924435570572,9.219056434401455,0.00016557759715570626,0.012867695875940893,0.9785455467200057,135.47657271241832,0.20240434927175835,7.311335784313725,9.03191940785665,0.00019501646293559633,0.013964829498980513,0.9875077569598003,193.25022270004607,0.18474151790291143,8.792228536323146,9.195233614806451,0.0001697696294746604,0.013029567509117882,0.982182380439613
snail (105).jpg,snail,prepo3_resize+grayscale+median+equ,138.6884077186684,0.25335772603578255,6.224186112924283,8.772315259108076,0.0002895998310653193,0.017017632945428084,0.9873688848445313,345.7217734091025,0.18523119001801058,10.220560077817026,9.231542173557385,0.0001824073716530042,0.01350582732204896,0.9685517577864956,234.27234477124182,0.20039094740151672,8.596160130718955,9.091095221964148,0.0002071366698572131,0.014392243392091905,0.9786616242825933,333.90704960835507,0.180556358230373,10.341002406184405,9.253646634831092,0.00017966756655847277,0.013404013076630177,0.9696265025476244
snail (108).jpg,snail,prepo3_resize+grayscale+median+equ,653.4663940110966,0.12290967537193426,16.662196067232376,9.734467323269783,0.00010617283229608006,0.01030402020068284,0.939941872624887,1215.553709107664,0.10071958394601552,23.041017764808274,10.008173895044187,8.024179205866913e-05,0.008957778299258647,0.8882601029948629,767.1954146241831,0.11705093969555244,17.895904820261443,9.796644898258624,9.800015777518799e-05,0.009899502905458839,0.9294434860876765,1176.9678083243741,0.1016348809264501,22.66630829877643,9.995589691136303,8.097078873821167e-05,0.008998377005783414,0.89180654236652
snail (109).jpg,snail,prepo3_resize+grayscale+median+equ,127.553616595953,0.2297102254771266,6.920824494125326,8.90684979878857,0.0002612187996339993,0.0161622646814733,0.9884029466634024,319.34409460912303,0.16488658982913149,11.087277939896584,9.361417433063597,0.00016048138250228538,0.012668124663985801,0.9709327580918033,228.0191176470588,0.18857801715416528,9.133558006535946,9.185053188160023,0.00018680449801959182,0.013667644201529092,0.9792184498767881,300.54309117903034,0.17035448057920288,10.62053959965187,9.32153833695102,0.00016319990531797206,0.012774971832374898,0.972643652287557
snail (11).jpg,snail,prepo3_resize+grayscale+median+equ,71.33317354765012,0.2663926268605469,5.2502549771540465,8.681613721131065,0.0003463553925930508,0.018610625797996445,0.993434419424531,207.7285926380996,0.188942103449312,8.927179644703834,9.152515096462638,0.00024350145549950587,0.015604533171469944,0.9808634073842676,148.4187397875817,0.2181944578265479,7.4202512254901976,8.971414576433048,0.0002883931861143151,0.016982143154334647,0.9863308869179098,196.43370705984742,0.19023454547000793,8.761603440331747,9.136199412704652,0.0002481456576148024,0.015752639703072068,0.981903993332404
snail (111).jpg,snail,prepo3_resize+grayscale+median+equ,59.292285411227155,0.47835750775842734,3.0100562989556137,7.872269233412851,0.0007385405153305313,0.027176101915663536,0.9945456185367587,119.32967798085289,0.36934660172371886,4.8264680284646495,8.319230434036239,0.0004954403385922499,0.02225848913543437,0.9890131815433284,98.4280943627451,0.4210231920202955,4.177522467320262,8.139400424954015,0.0006227670764316077,0.024955301569638617,0.990930289467426,166.88845543439305,0.373172267850043,5.265151282445093,8.333810283145558,0.0005044493473887479,0.022459949852765653,0.9846343123765662
snail (115).jpg,snail,prepo3_resize+grayscale+median+equ,85.80114841710183,0.25442872797142574,5.295885688642297,8.632353343295103,0.0002963464483373412,0.017214716039985707,0.9921330468084034,178.92694414580453,0.20419365360067682,7.392003276506425,8.936672750782385,0.00021409846711267663,0.01463210398789855,0.9835586028415624,95.87547998366014,0.24658980231838096,5.419740604575164,8.650289244218053,0.00028456509365388323,0.01686905728408921,0.9911833239071463,131.20363487431524,0.21973966776447335,6.608396047714125,8.848415077706614,0.00023404473255617738,0.015298520600246855,0.9879438069061741
snail (117).jpg,snail,prepo3_resize+grayscale+median+equ,68.40546467036555,0.22991621636747672,5.2870940763707575,8.751850010992296,0.00023267169810377422,0.015253579845523942,0.9936667964485982,147.9627502175805,0.18849743639754535,7.631003942046792,9.084063174562983,0.0001721473737318006,0.013120494416438757,0.9863167611672448,103.54462826797385,0.22500589855569567,6.149448529411765,8.860058390164475,0.00022205215083207847,0.014901414390321426,0.9904172786147981,173.00017406440384,0.18687344241401466,8.021297291762657,9.111609428483185,0.00017174196204562946,0.013105035751406001,0.9840011006450007
snail (120).jpg,snail,prepo3_resize+grayscale+median+equ,382.77114270561356,0.15791116140122202,12.195016726501304,9.446307279863653,0.000139279658067115,0.011801680306935746,0.9648053744387373,778.227430502227,0.11897949657032023,17.74736087646547,9.774183699346823,9.786959959324008e-05,0.009892906529086387,0.9278825219257918,559.6304534313725,0.1401807427180955,14.42628676470588,9.581272853674015,0.00011934209915924429,0.010924380950847709,0.9484050733310337,843.6282598679157,0.11504053882666282,18.431597808836326,9.812392976819002,9.315410708575415e-05,0.009651637533898284,0.9218218991657184
snail (129).jpg,snail,prepo3_resize+grayscale+median+equ,137.02500815926894,0.21909336328493104,7.08132751305483,8.975295347273567,0.00021293442548148207,0.014592272800406456,0.9873840500671198,266.4794655198894,0.19007651834615658,9.497066502841346,9.212289636946482,0.00017259749917130816,0.013137636742249657,0.9754495217231791,145.66049836601306,0.22854772791324418,7.0433619281045745,8.953736129697607,0.0002200566513880879,0.01483430656916891,0.9865721556181767,248.19436850458197,0.18338136149600437,9.564296319049813,9.255456640276787,0.0001602544064742118,0.012659162945242936,0.9771339595727393
snail (13).jpg,snail,prepo3_resize+grayscale+median+equ,73.07913470953002,0.3406687579622336,4.777262157310705,8.395611142171177,0.0011203301595812132,0.03347133340010842,0.9933488866168732,207.78993498182564,0.24250632198634975,8.192064711001894,8.89457500549759,0.0009115674424840974,0.030192175186364054,0.9811053772779333,148.48042279411766,0.26806706008908615,6.9465788398692805,8.74861642620326,0.0009604383617979464,0.030990939995391337,0.9864776015460404,197.53923104489834,0.23865688532550616,8.163057390057851,8.902728842033788,0.0009024149617733184,0.030040222398865796,0.9820373966250665
snail (130).jpg,snail,prepo3_resize+grayscale+median+equ,68.91246124347259,0.29128836678829556,4.437081837467363,8.521308336025646,0.000306923496105467,0.01751923217796565,0.9936879045441368,193.1752009419956,0.19732472203080254,7.662540316387652,9.040439738550731,0.00018036332933459758,0.013429941523871114,0.9822877995680339,155.989164624183,0.2203125094901466,6.544025735294118,8.880324072786369,0.00021189313079704922,0.014556549412448308,0.9856903465833052,204.8008908001843,0.19984970014343803,7.523954333691701,9.006618960418182,0.00018613502045401292,0.01364313088898633,0.9812218633787931
snail (138).jpg,snail,prepo3_resize+grayscale+median+equ,71.46812785574411,0.29557268094945466,4.888840159921671,8.573697417093733,0.0003612600929510893,0.01900684331894934,0.9934292551360586,277.6864485742077,0.19596915724822495,9.609409716889367,9.170710641060769,0.0002160942311581374,0.014700143916238964,0.9744662456682647,216.54397467320263,0.2173129703158317,8.313848039215689,9.033574460953771,0.0002447566866309433,0.01564470155135416,0.9800672355406111,260.3944708954077,0.19691407109281103,9.351517943992217,9.151633133362218,0.00021812642669078315,0.01476910378766373,0.9760563180629513
snail (14).jpg,snail,prepo3_resize+grayscale+median+equ,137.9023947454308,0.25723790898561016,6.808236781984334,8.876270422692253,0.00025211947928525653,0.015878270664189363,0.9873951747677397,371.881779552552,0.18006418772447685,11.557425894639842,9.354703777219857,0.00015900011492692674,0.012609524770066743,0.9659929754131263,275.0572508169935,0.20735955683448665,9.729227941176473,9.179487491428002,0.00019691517802314287,0.01403264686447795,0.9748155771968776,377.8368504581989,0.17928540915321206,11.50461270670148,9.340217575220382,0.0001604911325118054,0.012668509482642597,0.9654488100960068
snail (143).jpg,snail,prepo3_resize+grayscale+median+equ,31.493105417754567,0.3945047189674047,2.9647111618798956,8.097312153200207,0.0005486101012255307,0.023422427312845495,0.9970493979471047,97.69106640045052,0.2943054116617516,5.228259867915835,8.593375085660702,0.0003603958922171988,0.01898409577033362,0.9908381478904295,65.92289624183006,0.3186767920090767,4.405555555555555,8.452345597198544,0.0004103753706173373,0.020257723727441276,0.9938155292953569,83.44012696462397,0.2812510378030042,5.06824348538371,8.60078920466241,0.00034209344692712976,0.01849576835189957,0.9921745419574489
snail (147).jpg,snail,prepo3_resize+grayscale+median+equ,36.02830246409922,0.39927304407036046,2.9385505058746735,8.11824373625068,0.00047304342124124526,0.02174956140342249,0.9966867139972689,96.78094506732197,0.27717171306218713,4.796365125684739,8.55855951158449,0.0002943490132121514,0.017156602612759655,0.9911100346045969,77.99755923202613,0.3130768639854682,4.259201388888889,8.441260400211169,0.00033765637139761945,0.018375428468409095,0.9928438104524374,114.4365432857216,0.2804668020161461,5.24860492499872,8.626271238957711,0.0002873876112536696,0.01695251047053709,0.9894881183972427
snail (148).jpg,snail,prepo3_resize+grayscale+median+equ,169.8246777088773,0.2802714471010098,6.33230662532637,8.582824999188261,0.0003645565298031411,0.01909336350157146,0.9848670237997823,379.27394665437976,0.21566500198077793,9.775968873188962,8.984630156820064,0.00024743474563033736,0.01573005866582631,0.9662373491235775,260.9700367647059,0.2460126505184296,7.943770424836603,8.787144916546612,0.0003074186126997096,0.01753335714287796,0.9767479119575815,357.0658373009779,0.22461168183887673,9.45316131674602,8.957425227237959,0.00025680864591215175,0.01602525026051549,0.968214584083063
snail (15).jpg,snail,prepo3_resize+grayscale+median+equ,204.6966281821149,0.21090714538295052,8.480693129895561,9.080279168667442,0.00021622748163938142,0.014704675502688981,0.9810311956807656,480.76899605795313,0.1587284613554292,13.04893257564122,9.463140983290407,0.00014352664014103192,0.011980260437112039,0.9554727580666765,292.9868259803922,0.1844684162175381,9.989317810457518,9.224475719243987,0.00017998380822747132,0.013415804419693637,0.9728650905003284,406.81513336405055,0.17039276578398138,11.854666461885014,9.381648018750145,0.00015859648550056035,0.0125935096577785,0.9623220938723166
snail (150).jpg,snail,prepo3_resize+grayscale+median+equ,82.60484660574413,0.33717949114387347,4.46267134464752,8.428368220827267,0.0004144630650313706,0.020358365971545226,0.9923443690140729,182.86479291455484,0.28853101629443556,6.4007986484411,8.729898500508437,0.0003178892055518997,0.017829447707427722,0.9830452061459651,116.68275122549021,0.3340953822671978,5.003155637254903,8.499310018598841,0.0004032753307188209,0.02008171632900985,0.9891669802231056,181.01080223212,0.2828465330375447,6.49925766651308,8.739576156343205,0.0003189931582427148,0.017860379566031478,0.9832171022693846
snail (16).jpg,snail,prepo3_resize+grayscale+median+equ,194.35166449086162,0.4143068272573984,4.756690600522194,7.927792065638593,0.0013022943059853404,0.036087315028765166,0.982363412283444,325.1234219013976,0.34131628761206323,6.830072185532176,8.236423071585069,0.0010612135765034982,0.032576273213851495,0.970481969156649,221.31721813725488,0.3737605858786362,5.621446078431372,8.084889537678144,0.0012028484449590703,0.034682105543912274,0.9799134697902661,369.6559770644551,0.3387355272638944,7.303179235140532,8.269339601534206,0.0010633917076625084,0.032609687328499615,0.9664384068884382
snail (173).jpg,snail,prepo3_resize+grayscale+median+equ,43.66816253263707,0.32437851691158437,3.934256690600522,8.417362094185782,0.0003823859466884979,0.019554691168323212,0.9959732851623264,129.16967183740337,0.22177882649617153,6.979491117595865,8.963124079443055,0.0002180249427207254,0.014765667703179745,0.9880991807656114,79.95703635620914,0.2601145883828733,5.46328635620915,8.73818877366697,0.00026820775521367314,0.016377049649240034,0.9926332236815816,102.6199559719449,0.24222883566543912,6.151866072799876,8.854184204946371,0.00023970199211224754,0.015482312234038155,0.9905451626694936
snail (175).jpg,snail,prepo3_resize+grayscale+median+equ,79.79037818211488,0.35267027873408857,4.401099461488251,8.407453167457685,0.00044493794238869097,0.021093552151989266,0.9926844284493954,197.23102442021195,0.2353023257525999,7.640055291045922,8.962736629693904,0.00024477220674028167,0.015645197561561238,0.9819267127008614,131.5528084150327,0.2690625150149695,6.294761029411765,8.791263786132696,0.0002922767627101223,0.0170961037289238,0.9879371175698357,180.88325398044336,0.23868625010696629,7.442266932882813,8.929494206925087,0.0002607026739078729,0.01614628978768413,0.9834245309535152
snail (178).jpg,snail,prepo3_resize+grayscale+median+equ,92.4808155189295,0.374059733700125,4.637310296997389,8.385304995039657,0.00048627093322490525,0.022051551719207998,0.9914650760334217,145.0061024932166,0.33578078851441406,5.511053089643168,8.534477872147729,0.0003990598170658657,0.019976481598766728,0.9866193450505448,78.6062908496732,0.45209496376902164,3.689644607843137,8.105426849629247,0.0006169138130299777,0.02483774975777753,0.992745438674765,161.77100291813855,0.34433747713132457,5.875810167409,8.557305337317212,0.0004060754206901739,0.02015131312570409,0.9850724992641916
snail (180).jpg,snail,prepo3_resize+grayscale+median+equ,39.31526395234987,0.36765199452828,3.2964160411227157,8.137190649562067,0.000653560734569475,0.025564833943710157,0.9963016355255925,82.33126503865253,0.27127082819869874,5.025945835253161,8.523908306067106,0.0004969353924713923,0.022292047740649405,0.9922745672448002,35.88101511437908,0.33727634353488334,3.4490910947712417,8.201441250569754,0.0006427590950595924,0.025352694039482124,0.9966283684869018,60.48345876209491,0.29285355867876756,4.426304203143398,8.428853612029753,0.000526174517794998,0.022938494235563895,0.9943246311414432
snail (184).jpg,snail,prepo3_resize+grayscale+median+equ,513.0361047650131,0.14276649960509166,13.754263218015666,9.559471915012562,0.00011704176399626186,0.010818584195552663,0.9521770997325726,937.0218911585521,0.11821814899466238,18.819792146623662,9.81991466632229,9.251857420714818e-05,0.009618657609414537,0.9126856875644164,600.7172794117648,0.13748215803233177,14.638174019607845,9.6008661214461,0.00011264744804682496,0.01061355020937033,0.9440693103789461,999.9023908257818,0.11593122033983062,19.193313879076435,9.834076892713576,9.012772509850255e-05,0.009493562297604759,0.9068266913616058
snail (186).jpg,snail,prepo3_resize+grayscale+median+equ,347.7957632996083,0.1653175080243148,11.468270642950392,9.377689157043376,0.00015950130614543674,0.012629382651002255,0.9680698940767202,711.8943224287104,0.12817800550105324,16.713592382122563,9.712778669370357,0.00011045701914180316,0.010509853431033335,0.9347112819791458,448.5751736111112,0.1415010647814139,13.14433210784314,9.516237913690944,0.00013007973946318728,0.01140525052171969,0.9588283324456304,733.7620846772129,0.13011307022160007,16.861250191982798,9.724205803787227,0.00011096255189347557,0.010533876394446423,0.9327051485804965
snail (188).jpg,snail,prepo3_resize+grayscale+median+equ,274.9390196638381,0.16190246905024425,9.965353704308093,9.288022155971657,0.00014739639266311293,0.012140691605634043,0.9746662498696793,1093.2853017969587,0.10810949536021908,20.065171760610248,9.882581310258729,8.485260301232991e-05,0.009211547264837212,0.8992554099450072,896.7491115196078,0.1332271968039618,17.38350694444444,9.73452909046398,0.00010165720891604189,0.010082519968541688,0.9173672894176226,1047.8647621973068,0.11417093995958658,19.18472328879332,9.831114212693478,9.035061241290644e-05,0.00950529391512469,0.903441772353984
snail (189).jpg,snail,prepo3_resize+grayscale+median+equ,126.79428443211489,0.20224665364402172,7.073637402088773,9.003286491844783,0.00019529391138322939,0.013974759796977885,0.988360609521825,278.9415143603133,0.1570393231071643,10.695694465775865,9.390280875781528,0.0001335762312317919,0.011557518385526882,0.9743759221074151,184.445108251634,0.17292324279010124,8.834752859477124,9.224179241953768,0.00015698172310863343,0.012529234737550151,0.9830434115627816,285.0312803972764,0.15548168782165414,10.850601546101469,9.40379842913376,0.00013233986712136623,0.011503906602600972,0.9738165278621455
snail (19).jpg,snail,prepo3_resize+grayscale+median+equ,184.9764299118799,0.2185236281381967,8.401507424934724,9.048538401250282,0.0002264668240670153,0.015048814706381872,0.9831067190123798,404.0321200020478,0.1770862795188788,12.338166180310244,9.379167751071856,0.00016339181276341718,0.012782480696774675,0.9631400135070278,199.68480392156863,0.1998097723976929,8.582986111111111,9.093129111854907,0.00019830838257654646,0.01408220091379705,0.9817657672671928,295.51451389955463,0.17231849333881746,10.638621819484975,9.30246245883029,0.0001608635199721829,0.012683198333708375,0.9730404755780862
snail (194).jpg,snail,prepo3_resize+grayscale+median+equ,68.09934929830287,0.3519294653484362,4.294090649477807,8.291891633157645,0.0005066164187305658,0.022508141165599745,0.9936751461920353,217.76084574822096,0.21496426984122113,7.9583371729892995,8.935432010614743,0.00024585456263581586,0.015679750082058574,0.9797739307757815,186.93224060457518,0.23758867026205954,7.34639501633987,8.871157019692383,0.0002725041775799373,0.01650770055398199,0.9826428185549647,233.86108636666154,0.2293140845861704,8.496728613116264,8.988555842997199,0.0002616098441484829,0.016174357611617313,0.9782785427053989
snail (2).jpg,snail,prepo3_resize+grayscale+median+equ,202.17669916775455,0.19079696265415666,8.936061928851174,9.193733057928664,0.00017923389780659464,0.01338782647805814,0.9814274267907214,321.43396303691185,0.16340629638074294,11.291824092561306,9.410241111163435,0.0001434679828256937,0.011977812105125614,0.9704775141953649,168.93721405228763,0.19505844938834638,7.9729575163398705,9.100561779460971,0.0001870663789668237,0.01367722117123298,0.9844975987388898,350.86210003583676,0.1557813251802138,11.627512414887626,9.435249735442603,0.0001367267947919087,0.0116930233383804,0.9677745888736472
snail (200).jpg,snail,prepo3_resize+grayscale+median+equ,39.04599787859008,0.29697187060912367,3.9699942885117494,8.48020172764754,0.00031521847129931883,0.01775439301410552,0.9964150772425105,92.5649106640045,0.23703239314748148,5.900291813853479,8.837075787499295,0.00022479501384722823,0.014993165571260401,0.9914872394483399,76.04474060457517,0.2553243488425626,5.3449244281045765,8.74263653651834,0.00025168386007384986,0.0158645472697411,0.9930022978945389,113.41440638918752,0.212048340718258,6.706148569088209,8.959315230260865,0.0002009915712504394,0.014177149616563951,0.9895696975472679
snail (24).jpg,snail,prepo3_resize+grayscale+median+equ,84.78334081266318,0.2815274465352017,5.134801321801566,8.654049104189857,0.00029964928250294316,0.01731038077290454,0.9922000516917256,188.6448471816925,0.2015751668767643,8.147719244355706,9.107131509624978,0.00018831608709976003,0.013722830870478585,0.9826371697967873,117.74262663398696,0.2215996277226927,6.5824959150326805,8.927078238879677,0.00021770983933129355,0.01475499370827699,0.9891537996077227,195.85144115087286,0.1975579936840667,8.270014846669739,9.122055441541786,0.00018167260883879933,0.013478598177807636,0.9819737897755398
snail (36).jpg,snail,prepo3_resize+grayscale+median+equ,168.4847931625326,0.2176628536925359,7.509107783942557,8.991485769389401,0.00021319421882442927,0.014601171830522003,0.984366651245565,338.0853632314545,0.1939127221936396,9.78122152255158,9.198802388423655,0.00017412856518238734,0.013195778309080043,0.9686352558864133,284.64548611111115,0.19537848186069312,9.609048202614382,9.194740529566726,0.00018261852245664067,0.01351364208704081,0.9736118841422905,457.83694260994207,0.1520897871335829,12.952797829314495,9.47207692898432,0.00013581039873583893,0.011653771867332866,0.9575257241554483
snail (40).jpg,snail,prepo3_resize+grayscale+median+equ,27.555381037859007,0.5667607081463607,2.055544223237598,7.383371202581461,0.0017725247296383367,0.042101362562728735,0.9975051274594153,56.3697947063943,0.4763270881872085,3.170982439973378,7.751358391011751,0.0013527823692590754,0.036780189902433556,0.9949031503626454,30.42520424836601,0.5174313362849795,2.513643790849673,7.591155059977453,0.001498014763035184,0.03870419567740924,0.9972464158763265,47.404361849178315,0.4663636719983538,3.18981211283469,7.771328502897028,0.0013301727262150227,0.0364715330938394,0.9957137924362316
snail (45).jpg,snail,prepo3_resize+grayscale+median+equ,198.70667428198433,0.2026381211139688,8.424853133159269,9.065451507821676,0.0002058899430492882,0.014348865566632374,0.9817198177450944,533.4642195259305,0.14997547735928535,13.865530128500486,9.508331051021068,0.0001347187121860329,0.011606839026454744,0.9510093492263959,390.8962111928105,0.1678746388456477,11.697559232026144,9.357606154921003,0.00015756691386726261,0.012552566027201874,0.9640730951177164,518.5110735678082,0.1500473592561325,13.758132391337735,9.50557024156489,0.00013462115967142666,0.011602635893254026,0.9523827878678635
snail (47).jpg,snail,prepo3_resize+grayscale+median+equ,254.61453573759792,0.17249859167294226,9.874755221932116,9.250543088832739,0.00016093165183600594,0.012685883959583028,0.9766164603971919,625.7872523421902,0.12710762562268535,15.841785696001637,9.665104154499819,0.00010821719034190581,0.010402749172305647,0.9425364582200143,432.3672998366014,0.14287450540716684,12.975776143790853,9.507486888542358,0.00012376794974355487,0.011125104482365767,0.9602662284319083,582.7087902523933,0.1280723347346058,15.145569037014281,9.64531121568901,0.00010702145127114688,0.010345117267152986,0.9464931893794193
snail (5).jpg,snail,prepo3_resize+grayscale+median+equ,387.9682094484334,0.13547597531062333,12.812245022845953,9.530470170289473,0.0001173516956340242,0.010832898764136227,0.964226605589624,706.4607279987713,0.11326641816565775,17.462396969231555,9.798812302402023,9.083192739899686e-05,0.00953057854482071,0.9348921423430016,469.22781862745103,0.12707383242595938,14.074285130718954,9.618656845745008,0.00010706748572931351,0.0103473419644522,0.9567453649871017,777.1068038703731,0.11131233862779627,18.206215123124966,9.837867778257113,8.709762133342342e-05,0.009332610638691802,0.9283814878903984
snail (52).jpg,snail,prepo3_resize+grayscale+median+equ,198.34934929830288,0.22746364411368503,7.743645969321149,8.992179166730173,0.00021564730251213878,0.014684934542317129,0.9817736840918476,385.60832437413603,0.16817037517606728,11.559545384733527,9.382423153819545,0.00014377652344953692,0.011990684861572207,0.9645484012846228,315.02318218954247,0.18136675233589192,10.423141339869282,9.291319300037816,0.0001600051391658924,0.01264931378241098,0.9710323141146993,508.96610863666615,0.15661245862488143,13.302052936056928,9.501701738604588,0.00012997302610067853,0.011400571305889829,0.9532074456573221
snail (54).jpg,snail,prepo3_resize+grayscale+median+equ,304.30724747062663,0.1717866905236941,10.904954716057441,9.321928912789527,0.00015986314444110924,0.012643699792430586,0.9719699837766843,671.4727179644703,0.14224821522673947,15.99755285926381,9.639223152329429,0.0001215789493562201,0.011026284476478018,0.9381659693330723,489.6100592320262,0.15694071987889607,13.321823937908498,9.479301958546348,0.00014121239135121645,0.011883282010926798,0.9548628994277234,738.6107612757896,0.13494395108166762,16.611355142579225,9.681231395834416,0.00011278014237786887,0.010619799545088827,0.9319831643015363
snail (56).jpg,snail,prepo3_resize+grayscale+median+equ,255.33055238250654,0.16167234439655448,10.434644255874673,9.337210781386153,0.00015597347378131838,0.012488934053045455,0.9764514793165031,564.3756514616291,0.12539543452449864,15.605303844775507,9.689524452478995,0.00011183685516651,0.010575294566417997,0.947933308215194,304.5737234477124,0.15222394761561678,11.39766135620915,9.417216127764803,0.00014387625561015528,0.01199484287559263,0.9718826461965138,406.2986126043106,0.14209492650470812,13.168893667127424,9.541456563396942,0.0001279700805965928,0.011312386158392614,0.9625169405436621
snail (57).jpg,snail,prepo3_resize+grayscale+median+equ,191.7137422486945,0.1748701002342463,9.071240616840733,9.223758188322634,0.00017069416035610417,0.01306499752606575,0.9823361231398821,443.8327855424154,0.13450845847454412,13.894916295499923,9.60091389794006,0.00011827684129329483,0.01087551567941929,0.9590591576769661,238.76647263071897,0.16062746803418307,10.096987336601309,9.320395004239288,0.00015231662326388893,0.012341662094867487,0.9779541314947566,310.8535094455537,0.15305479384162918,11.525008959197255,9.43860327851109,0.00013626581853535467,0.011673295101870537,0.9713253315509119
snail (6).jpg,snail,prepo3_resize+grayscale+median+equ,123.9296875,0.2668044278649613,6.1702431462141,8.726816379311124,0.00033319830306912073,0.018253720252844916,0.988639223393334,302.87784774484203,0.19023304351047915,10.172804996672298,9.211700117736122,0.00019955847710921465,0.014126516807380885,0.9722328294101612,216.66449142156864,0.20655770191734973,8.816656454248367,9.094357394134882,0.00022209089586270236,0.014902714379021775,0.9801327314611226,314.7067014795474,0.18636888616555541,10.725848563968668,9.258651916399142,0.00019386441913011728,0.01392352035693981,0.9711481578240913
snail (61).jpg,snail,prepo3_resize+grayscale+median+equ,23.39991636749347,0.4683080132121767,2.4436704471279374,7.837363071125587,0.0007878752451508804,0.02806911550353663,0.9977891644641432,98.87864639328316,0.3375043696017174,4.94581477499616,8.418981234426361,0.0004886190012866579,0.022104728030144544,0.9906644967601396,94.88963439542482,0.3498731886861296,4.693290441176471,8.349975419213951,0.0005211287446368117,0.022828244449295956,0.9910399110415955,124.18801003430092,0.3111940614566866,5.499063123944095,8.508590112985662,0.00044901923278228714,0.021190073921114272,0.988274902110881
snail (63).jpg,snail,prepo3_resize+grayscale+median+equ,40.124490045691914,0.35348970997499063,3.3977439621409924,8.219442943396759,0.0004569107487456722,0.021375470725709698,0.9963185315503896,119.32427174525162,0.24903418921642925,6.068325398044335,8.76615851294856,0.0002657788119287876,0.01630272406467053,0.9890445705089577,75.07609272875817,0.2813273187830735,5.009303513071896,8.591947074846134,0.00032512962846154264,0.018031351265546978,0.9931060803168984,90.045563917473,0.24947804480436406,5.708349971842523,8.74574304916472,0.0002714584021518229,0.016475994724198684,0.9917326787287275
snail (65).jpg,snail,prepo3_resize+grayscale+median+equ,103.75325350848564,0.3597243684348631,4.981468260443864,8.414833954591398,0.00047858131032706207,0.021876501327384643,0.9906147523540171,288.68636666154714,0.23036375061472825,8.697240567245174,8.940466292307224,0.00026841398788889987,0.01638334483214279,0.9739141108839059,225.62441789215688,0.2521858682038861,7.548662173202614,8.812140566179837,0.000303255529557275,0.017414233533442548,0.9795939673210328,301.8928070444888,0.23430909981795728,8.863246813085548,8.963843412989142,0.00026256246201411364,0.016203779250968386,0.9727206841844679
snail (68).jpg,snail,prepo3_resize+grayscale+median+equ,53.01233069516971,0.3807260409855403,4.008618227806789,8.281583697000968,0.0007245760120216336,0.026917949625141095,0.9951335259818194,195.09929862284338,0.2638983382881406,7.170562637587672,8.771545525460468,0.0005045138232581545,0.022461385158937874,0.9821294153842327,135.1248570261438,0.2917117797503415,5.945894607843137,8.609516174645774,0.0005699658388767407,0.023873957335907692,0.9876390905919947,146.82131776992782,0.27398684843712795,6.6096349767060865,8.73456327119671,0.0005156944107879097,0.02270890597954709,0.9865514409185138
snail (74).jpg,snail,prepo3_resize+grayscale+median+equ,282.8314397030026,0.21367854142378223,9.33647805156658,9.127721719203056,0.0002072966758914694,0.014397801078340728,0.9740432301593736,548.8735166129115,0.1641101091859732,13.540551886550968,9.46978051017998,0.00014593987233604876,0.01208055761693345,0.9496987250751836,376.23203635620916,0.182334539139397,10.978216911764708,9.292623422901755,0.00016799537612737094,0.012961303025829268,0.9655425258367221,581.0213894435058,0.16283975080512442,13.692336046690215,9.482920015917166,0.00014304957112682923,0.011960333236445764,0.9467520423398075
snail (75).jpg,snail,prepo3_resize+grayscale+median+equ,158.64370512402087,0.21218618809921144,7.461937010443863,8.92174770740877,0.00024386366813289404,0.015616134865353015,0.9856215531748801,322.2638713971228,0.1728850456415798,10.757722828034607,9.256033543616113,0.00017801001252066345,0.013342039293925927,0.9707852398340754,220.61740196078432,0.19316374068319442,8.775490196078433,9.065897920784154,0.00021280335220962026,0.014587780921360873,0.9799757634894609,340.90019966211025,0.1712282378059545,10.906875543951262,9.265280693058369,0.000174316960527629,0.013202914849669713,0.9690958148831078
snail (77).jpg,snail,prepo3_resize+grayscale+median+equ,110.4416714262402,0.2580803296191654,5.640288430156659,8.735631210958168,0.0002626575190439308,0.016206712160210992,0.9898121422502723,303.6362463523268,0.2062038544520643,8.628843495622792,9.067736076150023,0.0001929100714240879,0.013889207012068324,0.9719699748412896,162.20249183006538,0.2589310580084656,6.122058823529413,8.764057403985113,0.000259151638809459,0.016098187438636034,0.9850215096620887,200.98301336200277,0.2023151007736746,7.791061280909231,9.042158391645296,0.0001898000280648258,0.013776793097990033,0.9814461105588085
snail (80).jpg,snail,prepo3_resize+grayscale+median+equ,42.826115780026115,0.33684508808001157,3.719045773498695,8.330527079915107,0.0003987650977931254,0.019969103580109084,0.9960469056115296,107.05041724261505,0.2437387706135975,5.905380637894844,8.78400026507463,0.0002478313508562967,0.015742660221712744,0.9901176583809304,73.09401552287582,0.27211455762328307,4.884701797385621,8.629301374360614,0.0002838277908436659,0.016847189404873026,0.9932479341393657,102.45019198279834,0.2352452838156741,5.940101366917524,8.812451817522888,0.00023678936023606282,0.01538796153608602,0.9905424773344339
snail (81).jpg,snail,prepo3_resize+grayscale+median+equ,58.39506160248042,0.3675964033500751,3.986832979765013,8.331636066034735,0.00048819902111607615,0.022095226206492572,0.9945885739219749,190.05607945528078,0.231447744973696,8.041191829212101,8.996185351373967,0.00026138480763843213,0.01616739953234385,0.9823869903495691,131.04957107843137,0.2582113693567773,6.774121732026144,8.850757568345543,0.0003007671912378787,0.017342640838058046,0.9878436460512758,161.56398914657245,0.24498576128949962,7.551128858854247,8.949800505314872,0.00027099076863070415,0.016461797247891985,0.9850275039558398
snail (83).jpg,snail,prepo3_resize+grayscale+median+equ,128.81499877610966,0.21220307961743276,6.358895642950392,8.898365809135518,0.0002014225377641803,0.014192340813416944,0.9880580935288912,380.21025956074334,0.15285304295824453,11.150043516100958,9.389044093400889,0.00012794297976367964,0.011311188256044527,0.9644936288028472,286.9647875816994,0.1827608949028274,9.313133169934641,9.207492631775025,0.00015778400076159278,0.012561210163101038,0.9732931315411139,393.86677929657503,0.15432357563442156,11.283499718425228,9.393205600311763,0.00012896536785872513,0.011356291994252575,0.9632183160896702
snail (84).jpg,snail,prepo3_resize+grayscale+median+equ,289.9453838936031,0.1593523966399078,10.851491106396868,9.355869704083812,0.0001523064608394769,0.012341250375852396,0.9731541621306322,616.1006604208262,0.13270799779165607,15.60955306404546,9.664739763477376,0.00011496692273887234,0.010722262948597761,0.9429894058361008,410.0289624183007,0.14802836908803846,12.855494281045752,9.495642304919526,0.00013574021635308535,0.011650760333690044,0.9620408481088777,615.3366303179234,0.13372462084033623,15.813607740746429,9.666372053039716,0.0001174690058270958,0.010838311945459764,0.9430586652213291
snail (85).jpg,snail,prepo3_resize+grayscale+median+equ,68.2493574575718,0.46493938968469806,3.52479397845953,7.225120230408862,0.028209291544246565,0.16795621912941053,0.9923732996291889,114.40641990477654,0.42415731876930624,4.621440638918752,7.4164147469692665,0.027489520974143165,0.16579964105553174,0.9871922119209783,62.92003676470589,0.4716326714957988,3.3524305555555562,7.188494465053184,0.027902056348436365,0.16703908628951597,0.9929561630166412,127.58258332053447,0.4066897563858545,4.9074182153279065,7.483740374485442,0.027429789060981542,0.16561941027844998,0.9857170938187071
snail (86).jpg,snail,prepo3_resize+grayscale+median+equ,111.0431829308094,0.22762588468867037,6.569924934725849,8.868828967843047,0.00022938998027395542,0.015145625780203188,0.9897724785451719,213.61965903855014,0.17914762507088228,9.148640761787744,9.18820772068008,0.0001625020981850124,0.012747631081303397,0.9802870141521777,162.51632965686275,0.19816595891232364,7.937040441176473,9.042672628260402,0.0001906196580875679,0.013806507816517828,0.9849897646656377,257.2970357855936,0.16838658448328422,10.044488813802284,9.26434987233343,0.00015219717683284824,0.012336821990806556,0.9762565986058159
snail (87).jpg,snail,prepo3_resize+grayscale+median+equ,35.33140910574413,0.38311038896135874,3.2864719321148828,8.204550510479518,0.0005015826171482215,0.022396040211345877,0.9967354320938445,79.50277991091997,0.32064989552955264,4.87489888905954,8.519171659982053,0.000395106607560746,0.01987728873767109,0.9926556388116824,72.30946691176472,0.3330792020144062,4.660467728758171,8.459908947247117,0.000432585085964533,0.020798679909180124,0.9933193490000932,119.03733169508013,0.2695168398575081,6.15908462601751,8.747252272880857,0.00031839410927069997,0.017843601353726212,0.9890035697920813
snail (88).jpg,snail,prepo3_resize+grayscale+median+equ,29.110221524151434,0.4463406174908301,2.738872796997389,7.93700954040143,0.0009445625655051621,0.030733736601740475,0.997297069696144,66.45366303179235,0.3344911691645342,4.152367787846209,8.322471944929067,0.0007155478518948077,0.026749726202240046,0.9938336599354356,45.972620506535954,0.38709495996741883,3.246578839869281,8.074637617798121,0.0008536523641915237,0.02921732986074401,0.9957366944471072,72.27906619566886,0.3378395882447796,4.139241283980955,8.30699039937952,0.0007258873700549463,0.02694229704488736,0.9932930930694942
snail (89).jpg,snail,prepo3_resize+grayscale+median+equ,105.45292101827677,0.22556786186892813,6.314682604438643,8.839043707574092,0.0002371333822141625,0.015399135761923866,0.9904409097533179,204.85544463216092,0.18058009409923137,8.927302513694773,9.170594942835951,0.00016865645096838548,0.012986779853696815,0.9814576608835085,153.0846609477124,0.2039607923717609,7.548794934640522,9.003399665003304,0.000200222272366531,0.014149991956412237,0.986132431136942,263.51327497056263,0.17666787710028817,9.779368248604925,9.22613018064662,0.0001641072328168001,0.012810434528805028,0.9761482755104374
snail (90).jpg,snail,prepo3_resize+grayscale+median+equ,94.64670365535248,0.24773119451650227,5.704573270234986,8.77278752810553,0.00024662195048655235,0.01570420168256102,0.9912317439482619,430.5562381610607,0.16174838989330015,11.911094045973481,9.417824696837844,0.0001351284746829038,0.011624477393969322,0.9600828046931462,328.45466707516346,0.1869375549381862,9.9546670751634,9.240081594513773,0.0001633184911185335,0.012779612322701089,0.9695772097768364,361.15253161316747,0.17206102832991843,10.756094813904674,9.324708846473495,0.0001478342048308577,0.012158709011686137,0.9665178745840823
snail (92).jpg,snail,prepo3_resize+grayscale+median+equ,42.906668162532625,0.45768583899770526,3.3960407147519573,8.011314248005192,0.0008102946564923811,0.02846567505773192,0.9960637562948114,107.1658526596017,0.3228191841487397,5.706681001382275,8.53585881749,0.0004981628977022004,0.022319563116293302,0.9901255368303108,64.45382965686275,0.3502192223445163,4.549948937908497,8.370172151306999,0.000566113341740223,0.023793136441844377,0.9940673335856137,90.2224031126811,0.31920270870584727,5.353207392617621,8.512404822006257,0.00047486991528124993,0.021791510165228338,0.9916867073680757
snail (93).jpg,snail,prepo3_resize+grayscale+median+equ,124.38699412532637,0.24913388262493677,6.466159432114884,8.744891533235165,0.0005329541586161349,0.023085799934508114,0.9884151300659113,242.26525367327088,0.2115034194653816,8.903271386883734,9.02588655553358,0.0004603032438001229,0.021454678832369477,0.9774738407041931,171.55631127450982,0.23355930305147463,7.467953431372549,8.857247170308435,0.0005100554357431971,0.022584406915905433,0.9840397753295717,292.66994317309167,0.19119485124896657,10.018757999283265,9.129818648671215,0.00043947512668912066,0.020963662053398988,0.972786916242721
snail (94).jpg,snail,prepo3_resize+grayscale+median+equ,371.7368431788511,0.17474626196939583,12.039042101827674,9.346735063699647,0.0001655780258684774,0.012867712534420305,0.9660982768349515,570.2619157323503,0.1497739502059432,14.923729073874979,9.560034440172277,0.00012868764984562262,0.011344057909126813,0.9480005087332364,385.8646139705882,0.16609348763303847,12.241615604575163,9.382172364365509,0.00015451111468212014,0.012430249984699429,0.9647941806391827,727.6236522807556,0.13744202866407268,17.081574770900524,9.650712591359346,0.00012053700882272859,0.010978934776321817,0.933650464136222
snail (95).jpg,snail,prepo3_resize+grayscale+median+equ,90.74442109986947,0.22697955422074653,6.092189539817233,8.858918490830295,0.00023442326174950707,0.015310887033399046,0.9916356890325767,206.40101366917523,0.17312028694002674,9.222720524241026,9.24280260302462,0.00016101474995855523,0.012689158756929287,0.9809702578308453,146.04162581699347,0.19142882453059867,7.775449346405228,9.085185681985482,0.00018842261147889166,0.013726711604710418,0.9865333907821916,220.71723749552038,0.168773005367743,9.61344391542518,9.278291508841773,0.00015744624647422818,0.01254775862352429,0.9796503224811385
snail (96).jpg,snail,prepo3_resize+grayscale+median+equ,82.00938315926894,0.37540201199848683,4.3391400130548305,8.386868668733781,0.00043452717276218735,0.020845315367299853,0.9924099629508418,235.55579788050989,0.19900487594535654,8.593815594122766,9.104665172129325,0.0001948722346302888,0.013959664560092008,0.9782181288957887,173.5415032679739,0.23578223773141338,7.165563725490197,8.930456968685895,0.000235315205790241,0.01533998715091512,0.9839570519185739,230.0950186863257,0.234389652868823,8.065120565197358,9.019060303771802,0.00022440936427712725,0.014980299205193708,0.9787229578774996
snail (97).jpg,snail,prepo3_resize+grayscale+median+equ,68.71858681462142,0.41743634778520444,3.8718586814621414,7.97085880546732,0.0030068339523563943,0.054834605427197106,0.9937475273607207,127.21642348845542,0.34650706075586446,5.59101008549634,8.310285011411306,0.00272939491501201,0.052243611236322575,0.988426458939356,60.55236928104575,0.4049572899617636,3.842299836601307,7.9959296231039225,0.0029119729904063347,0.05396269999181226,0.9944967644665856,106.2272871550709,0.3695613405827084,4.9479956995853165,8.183107960798194,0.00281082018000043,0.05301716872863384,0.9903359097447216
snail (98).jpg,snail,prepo3_resize+grayscale+median+equ,330.39967158942557,0.17904816589529432,11.253335101174935,9.270458810776088,0.00019279230173176225,0.013884966752994487,0.9698784177265372,648.5104899401014,0.14967250270775148,15.601341319817742,9.558277389683274,0.00014212583635391643,0.01192165409471003,0.9408737124818053,436.45722017973856,0.1672053744323561,12.518637663398694,9.358153921748226,0.00017290660860272764,0.013149395750479473,0.960215272952327,653.6592023754672,0.14708237812023464,15.713387600470998,9.569482863238362,0.000138085925151237,0.011750996772667287,0.9404045140076415
snail (99).jpg,snail,prepo3_resize+grayscale+median+equ,46.304799689947785,0.34486314807968765,3.6692130385117494,8.330379517790295,0.000400704732055094,0.020017610548092247,0.9957330708607053,118.45488148261916,0.2500315519377479,5.8338196897557975,8.75492205570308,0.0002601968790591704,0.0161306193017866,0.9890901855786154,67.42136437908498,0.31754362165179917,4.157495915032681,8.421095157879495,0.0003609739443162887,0.01899931431174001,0.9937866996858521,92.52568473864741,0.2696027905897009,5.1271898837864125,8.644939201615731,0.00028386366426446085,0.016848254042020522,0.9914782135435019
